<?xml version="1.0" encoding="UTF-8" ?>
<!--  Teapot scene for testing texture wrapping
 -->
<scene>
  <exposure>7</exposure>
  <camera type="PerspectiveCamera">
    <viewPoint>11 14 18</viewPoint>
    <viewDir>-11 -14 -19</viewDir>
    <viewUp>0 1 0</viewUp>
    <projDistance>1.8</projDistance>
    <viewWidth>0.5</viewWidth>
    <viewHeight>0.5</viewHeight>
  </camera>
  <backColor>.005 .005 .01</backColor>
  <image>
    450 450
  </image>
  
  <texture name="teapotTex" type="ClampTexture">
    <image>../../textures/Flower.png</image>
  </texture>
  <texture name="tableclothTex" type="RepeatTexture">
    <image>../../textures/Tablecloth.png</image>
  </texture>
  
  <shader name="tablecloth" type="Lambertian">
    <texture ref="tableclothTex" />
    <diffuseColor>0 1 0</diffuseColor>
  </shader>
  <shader name="teapot" type="Lambertian">
    <texture ref="teapotTex" />
    <diffuseColor>1 0 0</diffuseColor>
  </shader>

  <surface type="Mesh">
    <shader ref="teapot" />
    <data>../../meshes/teapot.obj</data>
  </surface>
  <surface type="Mesh">
  	<data>../../meshes/plane.obj</data>
  	<shader ref="tablecloth" />
  </surface>
  
  <light>
  	<position>3 15 8</position>
  	<intensity>15 15 15</intensity>
  </light>
</scene>

